INSERT IGNORE INTO supply (id,name,description,units_in_stock,alert_stock,provider_id) VALUES (1,"Ferdinand","Cum",1,8,2),(2,"Peter","Duis gravida. Praesent",8,9,10),(3,"Forrest","Donec egestas. Aliquam nec enim. Nunc ut",2,8,65),(4,"Fuller","odio. Nam interdum enim non",10,6,26),(5,"Ferdinand","amet, consectetuer adipiscing elit. Etiam",7,4,11),(6,"Stone","volutpat nunc sit amet metus.",2,3,87),(7,"Matthew","netus et malesuada fames",6,1,71),(8,"John","sed, sapien. Nunc pulvinar",7,2,14),(9,"Rahim","diam. Duis mi enim,",2,2,28),(10,"Thomas","eu, ultrices sit amet, risus.",1,7,84);
INSERT IGNORE INTO supply (id,name,description,units_in_stock,alert_stock,provider_id) VALUES (11,"Holmes","Mauris eu turpis. Nulla aliquet. Proin",6,2,19),(12,"Ciaran","Maecenas malesuada fringilla est. Mauris eu turpis.",6,4,52),(13,"Logan","arcu. Aliquam ultrices iaculis odio. Nam interdum enim non nisi.",3,3,91),(14,"Edan","id sapien. Cras",7,4,86),(15,"Reed","eget massa. Suspendisse eleifend. Cras sed leo. Cras vehicula aliquet",1,8,52),(16,"August","mi fringilla mi lacinia mattis. Integer eu",3,5,59),(17,"Shad","eu, ultrices",9,10,32),(18,"Palmer","nec mauris blandit mattis.",6,6,58),(19,"Slade","vel, venenatis vel, faucibus id, libero. Donec",3,4,82),(20,"Reed","ut quam vel sapien imperdiet ornare. In faucibus.",7,9,13);
INSERT IGNORE INTO supply (id,name,description,units_in_stock,alert_stock,provider_id) VALUES (21,"Zahir","Curabitur egestas nunc sed libero. Proin sed turpis nec",9,7,98),(22,"Kelly","Cras lorem lorem, luctus ut, pellentesque eget, dictum placerat,",8,4,27),(23,"Sawyer","Pellentesque tincidunt tempus",3,9,23),(24,"Andrew","risus. Morbi metus. Vivamus euismod urna. Nullam lobortis",5,2,80),(25,"Troy","porta elit, a feugiat tellus",4,6,84),(26,"Callum","est mauris, rhoncus id, mollis nec,",6,9,22),(27,"Zeph","dui quis accumsan convallis, ante lectus convallis est, vitae sodales",10,3,79),(28,"Tanner","Integer mollis. Integer tincidunt aliquam arcu. Aliquam ultrices iaculis",3,8,94),(29,"Cullen","sed pede nec ante blandit viverra. Donec tempus, lorem fringilla",8,8,27),(30,"Moses","ligula consectetuer rhoncus. Nullam velit dui, semper",10,4,14);
INSERT IGNORE INTO supply (id,name,description,units_in_stock,alert_stock,provider_id) VALUES (31,"Caldwell","Cum sociis natoque penatibus et",6,1,33),(32,"Marvin","ultrices. Duis volutpat nunc sit amet metus. Aliquam erat",1,1,38),(33,"Hamilton","lectus, a sollicitudin orci sem eget massa. Suspendisse",10,4,13),(34,"Thomas","dictum cursus.",6,1,60),(35,"Benedict","Integer in",9,10,78),(36,"Otto","tellus. Aenean egestas hendrerit neque. In ornare sagittis",2,2,98),(37,"Perry","Etiam",9,7,18),(38,"Cullen","mattis ornare, lectus",4,6,83),(39,"Kennedy","Duis at",4,1,97),(40,"Baxter","luctus",2,7,81);
INSERT IGNORE INTO supply (id,name,description,units_in_stock,alert_stock,provider_id) VALUES (41,"Keith","dictum cursus. Nunc mauris",7,7,82),(42,"Mannix","Vivamus molestie dapibus ligula. Aliquam erat volutpat. Nulla dignissim. Maecenas",2,9,41),(43,"Sebastian","lectus justo eu arcu. Morbi sit amet massa. Quisque",3,7,39),(44,"Herrod","Nulla facilisi.",9,3,73),(45,"Ishmael","nunc sit amet",4,2,46),(46,"Myles","ut lacus. Nulla",7,8,20),(47,"Emery","sed",3,9,22),(48,"Carson","nec ante blandit viverra. Donec tempus, lorem fringilla",8,5,9),(49,"Edan","neque. Nullam ut nisi a odio semper cursus. Integer",5,3,4),(50,"Henry","Nunc quis arcu vel quam dignissim pharetra. Nam",6,2,20);
INSERT IGNORE INTO supply (id,name,description,units_in_stock,alert_stock,provider_id) VALUES (51,"Jackson","commodo at,",6,4,60),(52,"Beau","enim. Suspendisse aliquet, sem ut",5,10,64),(53,"Hyatt","Maecenas ornare egestas",1,3,91),(54,"Octavius","diam eu dolor",5,4,77),(55,"Herman","vitae nibh. Donec est mauris, rhoncus",9,4,21),(56,"Jonah","Etiam",2,2,63),(57,"Davis","Nullam nisl. Maecenas malesuada fringilla est. Mauris eu turpis.",9,1,7),(58,"Blake","Sed",8,10,64),(59,"Gareth","pharetra, felis",9,1,91),(60,"Jonah","eu, accumsan sed, facilisis vitae, orci. Phasellus dapibus",4,3,77);
INSERT IGNORE INTO supply (id,name,description,units_in_stock,alert_stock,provider_id) VALUES (61,"Graham","laoreet ipsum. Curabitur consequat, lectus",10,4,55),(62,"Branden","a ultricies adipiscing, enim mi tempor lorem,",8,4,83),(63,"Benjamin","libero. Integer in",9,6,55),(64,"Cruz","dictum",2,9,69),(65,"Xavier","tortor nibh sit amet orci. Ut sagittis",2,1,60),(66,"Ryder","sagittis felis. Donec tempor, est ac mattis",3,3,16),(67,"Lewis","Morbi vehicula. Pellentesque tincidunt",9,5,24),(68,"Wing","et magnis dis parturient montes, nascetur ridiculus",1,5,94),(69,"Shad","ac facilisis facilisis, magna",3,9,27),(70,"Curran","tellus. Suspendisse sed dolor. Fusce mi lorem, vehicula",7,6,84);
INSERT IGNORE INTO supply (id,name,description,units_in_stock,alert_stock,provider_id) VALUES (71,"Forrest","nascetur",10,4,1),(72,"Hamish","sem",9,9,49),(73,"Kamal","mi. Duis risus odio, auctor vitae,",4,10,20),(74,"Marsden","sem molestie sodales. Mauris blandit",4,9,24),(75,"Channing","massa.",2,2,32),(76,"Steven","gravida non, sollicitudin a,",8,9,1),(77,"Rigel","blandit viverra. Donec tempus, lorem fringilla ornare placerat, orci lacus",5,9,54),(78,"Carson","a tortor. Nunc",7,10,65),(79,"Gavin","Fusce dolor quam, elementum at,",2,6,52),(80,"Nicholas","molestie arcu. Sed eu nibh vulputate mauris sagittis placerat. Cras",4,8,37);
INSERT IGNORE INTO supply (id,name,description,units_in_stock,alert_stock,provider_id) VALUES (81,"Drake","enim nec tempus scelerisque, lorem ipsum sodales purus, in",1,8,80),(82,"Tucker","nascetur ridiculus mus. Proin",7,1,43),(83,"Julian","non,",8,6,14),(84,"Zane","risus. Donec nibh",4,6,8),(85,"Macon","dictum",8,8,71),(86,"Fitzgerald","egestas a, dui. Cras pellentesque. Sed",2,4,76),(87,"Julian","et, eros. Proin ultrices. Duis",4,7,42),(88,"Deacon","risus. Nulla eget metus eu erat",7,4,73),(89,"Carl","eu tellus eu augue porttitor interdum. Sed",2,2,85),(90,"Francis","sollicitudin adipiscing ligula. Aenean gravida nunc sed pede. Cum sociis",2,7,75);
INSERT IGNORE INTO supply (id,name,description,units_in_stock,alert_stock,provider_id) VALUES (91,"Louis","suscipit, est",6,6,24),(92,"Reuben","amet lorem semper auctor.",10,6,96),(93,"Hunter","In tincidunt",6,2,75),(94,"Davis","ligula consectetuer rhoncus. Nullam velit dui, semper et,",1,7,63),(95,"Ryan","eu, eleifend nec, malesuada ut, sem. Nulla interdum. Curabitur dictum.",4,5,45),(96,"Bruce","augue",3,2,76),(97,"Prescott","est arcu ac",3,10,67),(98,"Dalton","dolor vitae dolor. Donec fringilla. Donec feugiat metus sit",7,7,11),(99,"Jonah","pede, ultrices a, auctor non, feugiat nec, diam. Duis mi",6,3,87),(100,"Prescott","tellus. Aenean egestas hendrerit neque. In ornare sagittis felis.",8,1,31);

INSERT IGNORE INTO `provider` (`id`,`siret`,`name`) VALUES (1,"521849182","Purus In Molestie Inc."),(2,"678813163","Amet Company"),(3,"708254792","Est Mauris Eu PC"),(4,"995303336","Quis LLC"),(5,"533270187","Magna Industries"),(6,"879256295","Eget Corp."),(7,"728345646","Ante Dictum LLC"),(8,"001046242","Mi Industries"),(9,"309793628","Consectetuer Limited"),(10,"745813501","Euismod Enim Etiam Industries");
INSERT IGNORE INTO `provider` (`id`,`siret`,`name`) VALUES (11,"783691256","Mi Enim Ltd"),(12,"030148084","Gravida Mauris LLP"),(13,"691837629","Tempor Consulting"),(14,"747703841","Malesuada Fames Consulting"),(15,"504416983","Mi Industries"),(16,"756887675","Dis Parturient Montes Foundation"),(17,"062724935","Eget Laoreet Posuere Institute"),(18,"704520303","Lobortis Class Aptent Inc."),(19,"909380875","A Company"),(20,"656275732","Tortor Nibh LLP");
INSERT IGNORE INTO `provider` (`id`,`siret`,`name`) VALUES (21,"661393926","Egestas Duis Ac Corp."),(22,"098071442","Ipsum Primis Consulting"),(23,"167208735","Penatibus Et Magnis Institute"),(24,"581174703","Donec Company"),(25,"400440285","Metus LLP"),(26,"415790161","Pellentesque Tellus Institute"),(27,"991467879","Quis Tristique Corporation"),(28,"105286462","Malesuada Industries"),(29,"271571648","Odio Tristique Pharetra LLC"),(30,"539955989","Elementum Consulting");
INSERT IGNORE INTO `provider` (`id`,`siret`,`name`) VALUES (31,"754071116","Nunc Incorporated"),(32,"983131830","Integer Aliquam Company"),(33,"065541906","Ligula Foundation"),(34,"031004690","Morbi Vehicula Industries"),(35,"696600972","Non Cursus Non Institute"),(36,"910207059","Duis Elementum Institute"),(37,"372728279","Elit Etiam Company"),(38,"299324251","Quisque Ac Consulting"),(39,"197967136","Non Nisi LLP"),(40,"376330478","Tincidunt Neque Limited");
INSERT IGNORE INTO `provider` (`id`,`siret`,`name`) VALUES (41,"479454928","Vivamus Consulting"),(42,"031306194","Semper Et Lacinia Ltd"),(43,"796952471","Urna Nec Luctus Inc."),(44,"897985818","Aliquam Iaculis Associates"),(45,"193664547","Ut Incorporated"),(46,"197716442","Pellentesque Corp."),(47,"964107619","Neque Institute"),(48,"454357088","Luctus Sit Amet Ltd"),(49,"710213794","Arcu Vel Institute"),(50,"663832350","Ipsum Limited");
INSERT IGNORE INTO `provider` (`id`,`siret`,`name`) VALUES (51,"184667632","Luctus Lobortis LLP"),(52,"837988500","Tincidunt Vehicula Risus Institute"),(53,"223911033","Odio LLP"),(54,"808741524","Ut Molestie Corporation"),(55,"198052755","Purus Sapien Company"),(56,"044682573","Molestie Orci Tincidunt PC"),(57,"310270772","Feugiat Nec Diam Consulting"),(58,"568895437","Morbi Quis Inc."),(59,"002974186","Arcu Vel Foundation"),(60,"610546855","Risus Corporation");
INSERT IGNORE INTO `provider` (`id`,`siret`,`name`) VALUES (61,"995285566","Non PC"),(62,"720642453","Nam Consequat Dolor Corp."),(63,"886434786","Faucibus Leo Foundation"),(64,"292214392","Vulputate Ltd"),(65,"593680648","At Velit Incorporated"),(66,"676849367","Vitae Erat Corp."),(67,"973675937","Non PC"),(68,"133430363","Vitae Diam Foundation"),(69,"917081424","Eu Foundation"),(70,"084969724","At Inc.");
INSERT IGNORE INTO `provider` (`id`,`siret`,`name`) VALUES (71,"434954558","Enim Consequat Institute"),(72,"246038202","Ipsum Dolor Company"),(73,"131153736","Mauris A Nunc Incorporated"),(74,"011669306","Interdum Curabitur Institute"),(75,"251393062","Augue Consulting"),(76,"243071099","Vulputate Nisi Sem LLC"),(77,"236069134","Rhoncus Donec Est LLP"),(78,"034540179","Volutpat LLC"),(79,"659758973","Blandit Enim Consequat LLP"),(80,"628851339","In Consectetuer Institute");
INSERT IGNORE INTO `provider` (`id`,`siret`,`name`) VALUES (81,"775049018","Eros Non Foundation"),(82,"629188491","Dui Cum Corporation"),(83,"601984750","Elit Pharetra Ut Inc."),(84,"835294174","Sodales PC"),(85,"328174180","Sed Sapien Nunc Institute"),(86,"705404788","Non Magna Nam Ltd"),(87,"020970430","Eu Eros Nam Associates"),(88,"596607580","Non Egestas A Company"),(89,"087900841","Quam A Felis Associates"),(90,"250570363","Proin Sed Consulting");
INSERT IGNORE INTO `provider` (`id`,`siret`,`name`) VALUES (91,"329844179","Ullamcorper Foundation"),(92,"434639696","Lorem Eget LLP"),(93,"155046170","Congue A Aliquet Corp."),(94,"991629395","Nulla Facilisis Suspendisse Corp."),(95,"636898645","Neque Morbi Industries"),(96,"898882642","Non Justo Proin Industries"),(97,"515639912","Nec Ante Limited"),(98,"039061643","Consequat Dolor Ltd"),(99,"535003834","Enim Inc."),(100,"124511551","Mauris Ut Industries");

INSERT IGNORE INTO `order_request` (`id`,`quantity`,`delivery_date`,`supply_id`) VALUES (1,3,"2017-11-27 08:51:23",42),(2,2,"2017-07-06 18:15:02",35),(3,10,"2017-07-15 02:23:49",91),(4,1,"2019-05-05 23:36:02",50),(5,3,"2019-02-13 14:10:11",72),(6,7,"2018-09-27 13:32:43",49),(7,1,"2018-01-03 02:27:53",61),(8,8,"2018-02-17 12:54:13",100),(9,4,"2018-03-10 11:07:52",15),(10,8,"2019-03-08 09:35:21",41);
INSERT IGNORE INTO `order_request` (`id`,`quantity`,`delivery_date`,`supply_id`) VALUES (11,3,"2017-10-24 10:52:56",93),(12,3,"2019-04-22 18:19:25",8),(13,1,"2018-10-05 14:47:18",60),(14,2,"2017-12-22 05:49:00",84),(15,4,"2018-04-11 23:32:41",26),(16,8,"2019-04-27 01:00:36",77),(17,2,"2019-03-11 16:26:15",84),(18,8,"2018-11-30 10:10:19",52),(19,3,"2018-08-02 21:08:46",22),(20,1,"2018-08-26 10:49:31",65);
INSERT IGNORE INTO `order_request` (`id`,`quantity`,`delivery_date`,`supply_id`) VALUES (21,3,"2019-03-17 19:48:09",26),(22,10,"2018-11-22 20:40:54",93),(23,4,"2019-05-17 04:28:22",99),(24,2,"2017-09-01 17:00:46",19),(25,6,"2019-02-12 13:14:49",3),(26,1,"2017-11-05 23:41:07",80),(27,9,"2017-07-18 15:51:10",69),(28,4,"2018-02-10 16:01:46",39),(29,6,"2019-02-16 09:13:25",11),(30,6,"2019-04-08 04:02:57",4);
INSERT IGNORE INTO `order_request` (`id`,`quantity`,`delivery_date`,`supply_id`) VALUES (31,7,"2018-08-12 09:13:47",82),(32,5,"2019-03-10 00:02:16",17),(33,5,"2017-07-02 15:35:07",32),(34,8,"2017-10-09 02:18:20",6),(35,7,"2018-07-17 13:54:00",86),(36,6,"2018-07-10 20:19:36",97),(37,9,"2018-03-13 09:38:14",65),(38,6,"2018-08-05 13:42:42",78),(39,5,"2018-10-18 04:01:49",77),(40,6,"2019-01-30 16:15:36",11);
INSERT IGNORE INTO `order_request` (`id`,`quantity`,`delivery_date`,`supply_id`) VALUES (41,1,"2018-09-04 06:17:18",80),(42,4,"2018-07-07 14:12:22",1),(43,3,"2018-07-11 01:22:02",30),(44,9,"2019-03-17 14:41:07",72),(45,7,"2018-11-15 02:01:47",95),(46,8,"2017-06-18 07:13:38",64),(47,3,"2017-12-16 04:07:49",39),(48,7,"2018-01-08 00:56:07",47),(49,4,"2017-05-28 14:22:10",22),(50,2,"2018-01-10 14:00:25",9);
INSERT IGNORE INTO `order_request` (`id`,`quantity`,`delivery_date`,`supply_id`) VALUES (51,4,"2019-04-08 06:18:30",50),(52,7,"2018-01-09 21:53:47",57),(53,7,"2018-05-31 19:26:30",34),(54,4,"2017-11-12 18:23:27",25),(55,3,"2018-11-04 21:36:52",20),(56,8,"2018-05-09 03:38:30",38),(57,10,"2017-08-13 01:10:58",5),(58,7,"2018-03-06 12:17:42",95),(59,5,"2018-11-17 12:13:09",60),(60,10,"2017-09-21 06:48:48",45);
INSERT IGNORE INTO `order_request` (`id`,`quantity`,`delivery_date`,`supply_id`) VALUES (61,4,"2019-02-18 16:20:46",78),(62,5,"2018-05-15 22:02:27",10),(63,4,"2019-03-14 06:17:28",82),(64,9,"2018-09-15 23:59:28",70),(65,6,"2019-01-24 23:41:13",8),(66,7,"2018-04-01 23:17:35",49),(67,3,"2019-01-12 15:04:00",48),(68,6,"2017-08-15 17:01:25",80),(69,3,"2017-08-30 04:44:24",12),(70,4,"2019-02-06 11:09:18",61);
INSERT IGNORE INTO `order_request` (`id`,`quantity`,`delivery_date`,`supply_id`) VALUES (71,2,"2017-08-01 14:02:59",36),(72,5,"2019-01-01 09:24:42",31),(73,2,"2018-01-13 04:50:07",21),(74,5,"2019-01-04 00:30:42",79),(75,4,"2017-12-12 20:40:01",85),(76,4,"2017-10-24 01:42:45",76),(77,8,"2017-11-14 10:48:41",30),(78,1,"2018-06-12 20:56:12",94),(79,4,"2019-04-25 01:34:31",37),(80,10,"2018-03-28 16:32:53",77);
INSERT IGNORE INTO `order_request` (`id`,`quantity`,`delivery_date`,`supply_id`) VALUES (81,2,"2017-11-17 01:14:58",60),(82,7,"2018-11-18 04:43:02",73),(83,6,"2017-08-08 19:09:36",53),(84,6,"2017-12-16 08:11:22",77),(85,1,"2018-10-13 12:37:02",90),(86,6,"2018-05-25 07:51:34",34),(87,10,"2017-07-08 13:21:52",84),(88,10,"2018-09-24 09:25:37",81),(89,5,"2017-08-29 16:56:14",38),(90,8,"2019-04-26 02:38:46",44);
INSERT IGNORE INTO `order_request` (`id`,`quantity`,`delivery_date`,`supply_id`) VALUES (91,1,"2019-01-20 08:16:56",2),(92,10,"2018-09-12 01:53:54",8),(93,5,"2018-02-09 16:41:04",64),(94,1,"2019-02-05 02:47:12",42),(95,2,"2017-07-16 09:32:45",67),(96,4,"2018-03-27 07:31:33",52),(97,8,"2018-12-01 05:21:33",98),(98,1,"2017-10-23 19:09:13",21),(99,2,"2019-04-13 03:17:30",91),(100,4,"2018-12-06 15:29:19",100);
